{"cameraMode":{"drawMode":0,"name":"Shaded","section":"Shading Mode"},"sceneLighting":false,"audioPlay":false,"sceneViewState":{"m_AlwaysRefresh":false,"showFog":true,"showSkybox":true,"showFlares":true,"showImageEffects":true,"showParticleSystems":true,"showVisualEffectGraphs":true,"m_FxEnabled":true},"in2DMode":false,"pivot":{"x":-4.575283527374268,"y":3.9065017700195314,"z":-11.743454933166504},"rotation":{"x":0.019813237711787225,"y":0.9775955080986023,"z":-0.17972087860107423,"w":0.10777425020933151},"size":43.81145095825195,"orthographic":false}